,NAME,FP,FP_Cov,TP,TP_Cov,SHIFT,SHIFT_Cov,ALPHA,ALPHA_Cov,CHI_squared,P_VALUE,Error_Amp,Error_Mu,Error_Shift,Error_Alpha
0,LAT_080916.txt,0.00579271847674917,21.504261982861813,309.836901274789,1078144.255482381,-0.9715145611095797,3379.4918120373327,1.06696680872806,0.36126638558983126,1.6533883534356384,1.0,371229.19177197514,347971.5460122658,-347858.0710285567,33.859196240649695
1,LAT_120911.txt,0.046481525361484505,84.23399863349826,234.41035429093742,686144.2284472407,-1.2929628093408394,3784.66276417146,0.6190321383583909,0.2032021663131981,3.4526664063014,1.0,181220.3837512101,292710.71686348616,-292712.422726289,32.825786210723926
2,LAT_090902.txt,0.023949238586274874,159.90682973951422,250.43294350326047,1734656.6914851903,-1.205988803259969,8346.795707312567,0.9646534126849957,0.23378108295441327,1.4411511368991348,1.0,667690.6623292634,692663.1405674494,-692112.2057476756,24.234723049775152
3,LAT_130427.txt,0.17055392037850434,0.0985887284274786,193.28178396125028,719.1154208410894,-1.603843478719631,5.972266388257664,0.1478969657506062,0.02410665695668271,0.4073474420789983,1.0,57.80502037636197,372.0554550475692,-372.37214650306163,16.299629160298647
4,LAT_131108.txt,0.028139162079369028,0.28966464400823544,152.04178245195928,3349.0716481631416,-1.9726907046595934,43.45757727520405,0.46325208278525515,0.06867949217736104,0.7121645538523449,1.0,1029.400389362023,2202.7311138774303,-2202.9594995584,14.825511795744706
5,LAT_090926.txt,0.0007386947597450032,1015.2255176161501,180.27860414446153,61106221.65351921,-1.5227086489735633,516129.7678817289,4.05468013881814,8.316149367758555,6.797439009642256,1.0,137435050.7057347,33895437.53320463,-33895503.79382456,205.10000994018114
